{
  "Total" : {
    "transaction" : "Total",
    "sampleCount" : 500,
    "errorCount" : 0,
    "errorPct" : 0.0,
    "meanResTime" : 79.02999999999996,
    "medianResTime" : 24.0,
    "minResTime" : 13.0,
    "maxResTime" : 1927.0,
    "pct1ResTime" : 67.0,
    "pct2ResTime" : 115.94999999999999,
    "pct3ResTime" : 1783.0300000000009,
    "throughput" : 51.22950819672131,
    "receivedKBytesPerSec" : 96.90581775102459,
    "sentKBytesPerSec" : 6.503746157786885
  },
  "Get Users" : {
    "transaction" : "Get Users",
    "sampleCount" : 500,
    "errorCount" : 0,
    "errorPct" : 0.0,
    "meanResTime" : 79.02999999999996,
    "medianResTime" : 24.0,
    "minResTime" : 13.0,
    "maxResTime" : 1927.0,
    "pct1ResTime" : 67.0,
    "pct2ResTime" : 115.94999999999999,
    "pct3ResTime" : 1783.0300000000009,
    "throughput" : 51.22950819672131,
    "receivedKBytesPerSec" : 96.90581775102459,
    "sentKBytesPerSec" : 6.503746157786885
  }
}