{
  "Total" : {
    "transaction" : "Total",
    "sampleCount" : 100,
    "errorCount" : 0,
    "errorPct" : 0.0,
    "meanResTime" : 140.73999999999987,
    "medianResTime" : 29.5,
    "minResTime" : 15.0,
    "maxResTime" : 2530.0,
    "pct1ResTime" : 141.9,
    "pct2ResTime" : 725.3499999999963,
    "pct3ResTime" : 2527.0499999999984,
    "throughput" : 10.5999576001696,
    "receivedKBytesPerSec" : 20.019841795632818,
    "sentKBytesPerSec" : 1.3456977422090313
  },
  "Get Users" : {
    "transaction" : "Get Users",
    "sampleCount" : 100,
    "errorCount" : 0,
    "errorPct" : 0.0,
    "meanResTime" : 140.73999999999987,
    "medianResTime" : 29.5,
    "minResTime" : 15.0,
    "maxResTime" : 2530.0,
    "pct1ResTime" : 141.9,
    "pct2ResTime" : 725.3499999999963,
    "pct3ResTime" : 2527.0499999999984,
    "throughput" : 10.5999576001696,
    "receivedKBytesPerSec" : 20.019841795632818,
    "sentKBytesPerSec" : 1.3456977422090313
  }
}